Year,Topics,Unnamed: 2,Paper,Question No.,HK % score
2017,2,Microscopic World I,1A,1,58%
2017,4,Acids and Bases,1A,2,64%
2017,3,Metals,1A,3,43%
2017,7,"Redox Reactions, Chemical Cells and Electrolysis",1A,4,76%
2017,11,Chemistry of Carbon Compounds,1A,5,63%
2017,6,Microscopic World II,1B,5,57%
2017,4,Acids and Bases,1A,6,55%
2017,8,Chemical Reactions and Energy,1A,7,45%
2017,7,"Redox Reactions, Chemical Cells and Electrolysis",1A,8,53%
2017,3,Metals,1A,9,72%
2017,3,Metals,1A,10,58%
2017,3,Metals,1A,11,63%
2017,6,Microscopic World II,1A,12,69%
2017,3,Metals,1A,13,55%
2017,11,Chemistry of Carbon Compounds,1B,13,41%
2017,1,Planet Earth,1A,14,97%
2017,12,Patterns in the Chemical World,1B,14,37%
2017,7,"Redox Reactions, Chemical Cells and Electrolysis",1A,15,83%
2017,2,Microscopic World I,1A,16,65%
2017,4,Acids and Bases,1A,17,59%
2017,5,Fossil Fuels and Carbon Compounds,1A,18,50%
2017,3,Metals,1A,19,60%
2017,5,Fossil Fuels and Carbon Compounds,1A,20,71%
2017,4,Acids and Bases,1A,21,68%
2017,5,Fossil Fuels and Carbon Compounds,1A,22,50%
2017,7,"Redox Reactions, Chemical Cells and Electrolysis",1A,23,70%
2017,6,Microscopic World II,1A,24,78%
2017,12,Patterns in the Chemical World,1A,25,75%
2017,6,Microscopic World II,1A,26,60%
2017,9,Rate of Reaction,1A,27,74%
2017,9,Rate of Reaction,1A,28,58%
2017,11,Chemistry of Carbon Compounds,1A,29,66%
2017,12,Patterns in the Chemical World,1A,30,37%
2017,10,Chemical Equilibrium,1A,31,56%
2017,10,Chemical Equilibrium,1A,32,73%
2017,11,Chemistry of Carbon Compounds,1A,33,88%
2017,10,Chemical Equilibrium,1A,34,42%
2017,11,Chemistry of Carbon Compounds,1A,35,43%
2017,11,Chemistry of Carbon Compounds,1A,36,44%
2017,2,Microscopic World I,1B,1(a),52%
2017,13,Industrial Chemistry,2,1(a)(i)(1),51%
2017,13,Industrial Chemistry,2,1(a)(i)(2),14%
2017,13,Industrial Chemistry,2,1(a)(ii),42%
2017,13,Industrial Chemistry,2,1(b)(i),85%
2017,4,Acids and Bases,1B,1(b)(i),42%
2017,4,Acids and Bases,1B,1(b)(ii),76%
2017,13,Industrial Chemistry,2,1(b)(ii)(1),52%
2017,13,Industrial Chemistry,2,1(b)(ii)(1),36%
2017,13,Industrial Chemistry,2,1(b)(ii)(2)(I),74%
2017,13,Industrial Chemistry,2,1(b)(ii)(2)(II),2%
2017,13,Industrial Chemistry,2,1(b)(ii)(3),24%
2017,13,Industrial Chemistry,2,1(c)(i),48%
2017,4,Acids and Bases,1B,1(c)(i),62%
2017,13,Industrial Chemistry,2,1(c)(ii)(1),67%
2017,4,Acids and Bases,1B,1(c)(ii)(1),48%
2017,13,Industrial Chemistry,2,1(c)(ii)(2),40%
2017,4,Acids and Bases,1B,1(c)(ii)(2),55%
2017,13,Industrial Chemistry,2,1(c)(ii)(3),67%
2017,13,Industrial Chemistry,2,1(c)(iii),44%
2017,13,Industrial Chemistry,2,1(c)(iv)(1),62%
2017,13,Industrial Chemistry,2,1(c)(iv)(2),51%
2017,9,Rate of Reaction,1B,10(a),47%
2017,9,Rate of Reaction,1B,10(b),66%
2017,9,Rate of Reaction,1B,10(c),48%
2017,9,Rate of Reaction,1B,10(d),66%
2017,10,Chemical Equilibrium,1B,11(a),81%
2017,10,Chemical Equilibrium,1B,11(b),45%
2017,10,Chemical Equilibrium,1B,11(c),49%
2017,4,Acids and Bases,1B,11(d),60%
2017,11,Chemistry of Carbon Compounds,1B,12(a),86%
2017,11,Chemistry of Carbon Compounds,1B,12(b)(i),32%
2017,5,Fossil Fuels and Carbon Compounds,1B,12(b)(ii),51%
2017,11,Chemistry of Carbon Compounds,1B,12(c)(i),18%
2017,11,Chemistry of Carbon Compounds,1B,12(c)(ii),36%
2017,3,Metals,1B,2(a),55%
2017,3,Metals,1B,2(b)(i),3%
2017,3,Metals,1B,2(b)(ii),76%
2017,4,Acids and Bases,1B,2(c),43%
2017,5,Fossil Fuels and Carbon Compounds,1B,3(a),57%
2017,15,Analytical Chemistry,2,3(a)(i),79%
2017,15,Analytical Chemistry,2,3(a)(ii),39%
2017,15,Analytical Chemistry,2,3(a)(iii),38%
2017,11,Chemistry of Carbon Compounds,1B,3(b),28%
2017,15,Analytical Chemistry,2,3(b)(i),7%
2017,15,Analytical Chemistry,2,3(b)(ii)(1),26%
2017,15,Analytical Chemistry,2,3(b)(ii)(2),53%
2017,15,Analytical Chemistry,2,3(b)(ii)(3),18%
2017,15,Analytical Chemistry,2,3(b)(iii),20%
2017,2,Microscopic World I,1B,3(c),24%
2017,15,Analytical Chemistry,2,3(c)(i)(1),24%
2017,15,Analytical Chemistry,2,3(c)(i)(2),34%
2017,15,Analytical Chemistry,2,3(c)(i)(3),11%
2017,15,Analytical Chemistry,2,3(c)(ii),67%
2017,7,"Redox Reactions, Chemical Cells and Electrolysis",1B,4(a)(i),38%
2017,7,"Redox Reactions, Chemical Cells and Electrolysis",1B,4(a)(ii),29%
2017,7,"Redox Reactions, Chemical Cells and Electrolysis",1B,4(b),20%
2017,7,"Redox Reactions, Chemical Cells and Electrolysis",1B,4(c)(i),21%
2017,7,"Redox Reactions, Chemical Cells and Electrolysis",1B,4(c)(ii),16%
2017,4,Acids and Bases,1B,6(a),69%
2017,4,Acids and Bases,1B,6(b)(i),45%
2017,4,Acids and Bases,1B,6(b)(ii),53%
2017,4,Acids and Bases,1B,6(b)(iii),61%
2017,7,"Redox Reactions, Chemical Cells and Electrolysis",1B,6(c),56%
2017,8,Chemical Reactions and Energy,1B,7(a),23%
2017,8,Chemical Reactions and Energy,1B,7(b),27%
2017,8,Chemical Reactions and Energy,1B,7(c)(i),32%
2017,8,Chemical Reactions and Energy,1B,7(c)(ii)(1),46%
2017,8,Chemical Reactions and Energy,1B,7(c)(ii)(2),52%
2017,8,Chemical Reactions and Energy,1B,8(a),36%
2017,2,Microscopic World I,1B,8(b),75%
2017,5,Fossil Fuels and Carbon Compounds,1B,8(c),26%
2017,5,Fossil Fuels and Carbon Compounds,1B,8(d),45%
2017,5,Fossil Fuels and Carbon Compounds,1B,8(e)(i),63%
2017,5,Fossil Fuels and Carbon Compounds,1B,8(e)(ii),57%
2017,11,Chemistry of Carbon Compounds,1B,9_C,25%
2017,11,Chemistry of Carbon Compounds,1B,9_K,39%
2018,1,Planet Earth,1A,1,56%
2018,2,Microscopic World I,1A,2,70%
2018,3,Metals,1A,3,78%
2018,3,Metals,1A,4,59%
2018,2,Microscopic World I,1A,5,80%
2018,4,Acids and Bases,1A,6,65%
2018,3,Metals,1A,7,68%
2018,11,Chemistry of Carbon Compounds,1A,8,82%
2018,3,Metals,1A,9,59%
2018,5,Fossil Fuels and Carbon Compounds,1B,9,17%
2018,7,"Redox Reactions, Chemical Cells and Electrolysis",1A,10,62%
2018,11,Chemistry of Carbon Compounds,1B,10,55%
2018,4,Acids and Bases,1A,11,49%
2018,7,"Redox Reactions, Chemical Cells and Electrolysis",1A,12,79%
2018,5,Fossil Fuels and Carbon Compounds,1A,13,74%
2018,5,Fossil Fuels and Carbon Compounds,1A,14,49%
2018,12,Patterns in the Chemical World,1B,14,30%
2018,6,Microscopic World II,1A,15,83%
2018,6,Microscopic World II,1A,16,65%
2018,6,Microscopic World II,1A,17,42%
2018,8,Chemical Reactions and Energy,1A,18,66%
2018,1,Planet Earth,1A,19,68%
2018,11,Chemistry of Carbon Compounds,1A,20,62%
2018,7,"Redox Reactions, Chemical Cells and Electrolysis",1A,21,41%
2018,8,Chemical Reactions and Energy,1A,22,72%
2018,7,"Redox Reactions, Chemical Cells and Electrolysis",1A,23,47%
2018,4,Acids and Bases,1A,24,48%
2018,9,Rate of Reaction,1A,25,76%
2018,10,Chemical Equilibrium,1A,26,71%
2018,5,Fossil Fuels and Carbon Compounds,1A,27,57%
2018,6,Microscopic World II,1A,28,68%
2018,10,Chemical Equilibrium,1A,29,48%
2018,11,Chemistry of Carbon Compounds,1A,30,83%
2018,11,Chemistry of Carbon Compounds,1A,31,42%
2018,12,Patterns in the Chemical World,1A,32,44%
2018,9,Rate of Reaction,1A,33,58%
2018,11,Chemistry of Carbon Compounds,1A,34,55%
2018,11,Chemistry of Carbon Compounds,1A,35,59%
2018,9,Rate of Reaction,1A,36,64%
2018,13,Industrial Chemistry,2,1(a)(i),63%
2018,2,Microscopic World I,1B,1(a)(i),73%
2018,13,Industrial Chemistry,2,1(a)(ii),58%
2018,2,Microscopic World I,1B,1(a)(ii),60%
2018,13,Industrial Chemistry,2,1(a)(iii),43%
2018,2,Microscopic World I,1B,1(b)(i),72%
2018,13,Industrial Chemistry,2,1(b)(i)(1),49%
2018,13,Industrial Chemistry,2,1(b)(i)(2),59%
2018,13,Industrial Chemistry,2,1(b)(i)(3),60%
2018,3,Metals,1B,1(b)(ii),72%
2018,13,Industrial Chemistry,2,1(b)(ii)(1),32%
2018,13,Industrial Chemistry,2,1(b)(ii)(2),52%
2018,13,Industrial Chemistry,2,1(b)(iii),27%
2018,3,Metals,1B,1(c),71%
2018,13,Industrial Chemistry,2,1(c)(i),30%
2018,13,Industrial Chemistry,2,1(c)(ii),61%
2018,13,Industrial Chemistry,2,1(c)(iii),41%
2018,13,Industrial Chemistry,2,1(c)(iv),33%
2018,9,Rate of Reaction,1B,11(a)(i),47%
2018,9,Rate of Reaction,1B,11(a)(ii),65%
2018,9,Rate of Reaction,1B,11(a)(iii),44%
2018,9,Rate of Reaction,1B,11(b),67%
2018,11,Chemistry of Carbon Compounds,1B,12(a),57%
2018,11,Chemistry of Carbon Compounds,1B,12(b),35%
2018,11,Chemistry of Carbon Compounds,1B,12(c)(i),53%
2018,11,Chemistry of Carbon Compounds,1B,12(c)(ii),50%
2018,11,Chemistry of Carbon Compounds,1B,12(d),49%
2018,9,Rate of Reaction,1B,13(a),49%
2018,10,Chemical Equilibrium,1B,13(b),41%
2018,10,Chemical Equilibrium,1B,13(c),61%
2018,4,Acids and Bases,1B,2(a),36%
2018,4,Acids and Bases,1B,2(b)(i),47%
2018,4,Acids and Bases,1B,2(b)(ii),59%
2018,2,Microscopic World I,1B,3(a),53%
2018,15,Analytical Chemistry,2,3(a)(i),90%
2018,15,Analytical Chemistry,2,3(a)(ii),48%
2018,15,Analytical Chemistry,2,3(a)(iii),46%
2018,6,Microscopic World II,1B,3(b),46%
2018,15,Analytical Chemistry,2,3(b)(i),58%
2018,15,Analytical Chemistry,2,3(b)(ii),35%
2018,15,Analytical Chemistry,2,3(b)(iii),33%
2018,15,Analytical Chemistry,2,3(b)(iv),34%
2018,6,Microscopic World II,1B,3(c),62%
2018,15,Analytical Chemistry,2,3(c)(i),86%
2018,15,Analytical Chemistry,2,3(c)(ii)(1),55%
2018,15,Analytical Chemistry,2,3(c)(ii)(2),37%
2018,15,Analytical Chemistry,2,3(c)(ii)(3),33%
2018,15,Analytical Chemistry,2,3(c)(iii),53%
2018,5,Fossil Fuels and Carbon Compounds,1B,4(a),40%
2018,11,Chemistry of Carbon Compounds,1B,4(b)(i),78%
2018,5,Fossil Fuels and Carbon Compounds,1B,4(b)(ii),60%
2018,11,Chemistry of Carbon Compounds,1B,4(c)(i),62%
2018,11,Chemistry of Carbon Compounds,1B,4(c)(ii),68%
2018,7,"Redox Reactions, Chemical Cells and Electrolysis",1B,5(a),65%
2018,7,"Redox Reactions, Chemical Cells and Electrolysis",1B,5(b),56%
2018,8,Chemical Reactions and Energy,1B,6(a)(i),86%
2018,8,Chemical Reactions and Energy,1B,6(a)(ii),61%
2018,8,Chemical Reactions and Energy,1B,6(a)(iii),34%
2018,8,Chemical Reactions and Energy,1B,6(b)(i),41%
2018,8,Chemical Reactions and Energy,1B,6(b)(ii),23%
2018,4,Acids and Bases,1B,7(a),55%
2018,4,Acids and Bases,1B,7(b),59%
2018,4,Acids and Bases,1B,7(c),64%
2018,4,Acids and Bases,1B,7(d)(i),56%
2018,4,Acids and Bases,1B,7(d)(ii),31%
2018,4,Acids and Bases,1B,8(a),57%
2018,7,"Redox Reactions, Chemical Cells and Electrolysis",1B,8(b)(i),88%
2018,7,"Redox Reactions, Chemical Cells and Electrolysis",1B,8(b)(ii),55%
2018,7,"Redox Reactions, Chemical Cells and Electrolysis",1B,8(c),47%
2018,1,Planet Earth,1B,8(d),31%
2019,2,Microscopic World I,1A,1,92%
2019,2,Microscopic World I,1A,2,69%
2019,7,"Redox Reactions, Chemical Cells and Electrolysis",1A,3,39%
2019,4,Acids and Bases,1A,4,83%
2019,4,Acids and Bases,1A,5,59%
2019,3,Metals,1A,6,69%
2019,11,Chemistry of Carbon Compounds,1A,7,84%
2019,3,Metals,1A,8,82%
2019,8,Chemical Reactions and Energy,1A,9,76%
2019,11,Chemistry of Carbon Compounds,1A,10,84%
2019,4,Acids and Bases,1B,10,17%
2019,7,"Redox Reactions, Chemical Cells and Electrolysis",1A,11,70%
2019,7,"Redox Reactions, Chemical Cells and Electrolysis",1A,12,43%
2019,6,Microscopic World II,1A,13,71%
2019,7,"Redox Reactions, Chemical Cells and Electrolysis",1A,14,79%
2019,3,Metals,1A,15,24%
2019,11,Chemistry of Carbon Compounds,1B,15,24%
2019,4,Acids and Bases,1A,16,66%
2019,3,Metals,1A,17,81%
2019,5,Fossil Fuels and Carbon Compounds,1A,18,84%
2019,7,"Redox Reactions, Chemical Cells and Electrolysis",1A,19,69%
2019,4,Acids and Bases,1A,20,49%
2019,4,Acids and Bases,1A,21,53%
2019,7,"Redox Reactions, Chemical Cells and Electrolysis",1A,22,71%
2019,6,Microscopic World II,1A,23,80%
2019,2,Microscopic World I,1A,24,78%
2019,10,Chemical Equilibrium,1A,25,66%
2019,10,Chemical Equilibrium,1A,26,69%
2019,10,Chemical Equilibrium,1A,27,78%
2019,9,Rate of Reaction,1A,28,66%
2019,11,Chemistry of Carbon Compounds,1A,29,50%
2019,11,Chemistry of Carbon Compounds,1A,30,75%
2019,11,Chemistry of Carbon Compounds,1A,31,58%
2019,11,Chemistry of Carbon Compounds,1A,32,74%
2019,12,Patterns in the Chemical World,1A,33,82%
2019,9,Rate of Reaction,1A,34,64%
2019,9,Rate of Reaction,1A,35,85%
2019,6,Microscopic World II,1A,36,71%
2019,2,Microscopic World I,1B,1(a),87%
2019,13,Industrial Chemistry,2,1(a)(i),64%
2019,13,Industrial Chemistry,2,1(a)(ii)_1,62%
2019,13,Industrial Chemistry,2,1(a)(ii)_2,36%
2019,13,Industrial Chemistry,2,1(a)(iii),83%
2019,2,Microscopic World I,1B,1(b),77%
2019,13,Industrial Chemistry,2,1(b)(i),50%
2019,13,Industrial Chemistry,2,1(b)(ii),34%
2019,13,Industrial Chemistry,2,1(b)(iii),75%
2019,13,Industrial Chemistry,2,1(c)(i),58%
2019,2,Microscopic World I,1B,1(c)(i),81%
2019,13,Industrial Chemistry,2,1(c)(ii),40%
2019,3,Metals,1B,1(c)(ii),29%
2019,13,Industrial Chemistry,2,1(c)(iii),62%
2019,13,Industrial Chemistry,2,1(c)(iv),46%
2019,13,Industrial Chemistry,2,1(c)v,58%
2019,4,Acids and Bases,1B,11(a),78%
2019,9,Rate of Reaction,1B,11(b)(i),50%
2019,9,Rate of Reaction,1B,11(b)(ii),44%
2019,9,Rate of Reaction,1B,11(c),63%
2019,10,Chemical Equilibrium,1B,12(a),86%
2019,10,Chemical Equilibrium,1B,12(b),32%
2019,10,Chemical Equilibrium,1B,12(c),28%
2019,10,Chemical Equilibrium,1B,12(d),25%
2019,11,Chemistry of Carbon Compounds,1B,13(a)(i),69%
2019,11,Chemistry of Carbon Compounds,1B,13(a)(ii),17%
2019,11,Chemistry of Carbon Compounds,1B,13(b)(i),58%
2019,11,Chemistry of Carbon Compounds,1B,13(b)(ii),43%
2019,11,Chemistry of Carbon Compounds,1B,13(c)(i),12%
2019,11,Chemistry of Carbon Compounds,1B,13(c)(ii),46%
2019,12,Patterns in the Chemical World,1B,14(a),49%
2019,12,Patterns in the Chemical World,1B,14(b),37%
2019,12,Patterns in the Chemical World,1B,14(c),53%
2019,2,Microscopic World I,1B,2(a),76%
2019,3,Metals,1B,2(b)(i),26%
2019,3,Metals,1B,2(b)(ii),31%
2019,15,Analytical Chemistry,2,3(a)(i),75%
2019,5,Fossil Fuels and Carbon Compounds,1B,3(a)(i),62%
2019,15,Analytical Chemistry,2,3(a)(ii),31%
2019,5,Fossil Fuels and Carbon Compounds,1B,3(a)(ii),37%
2019,15,Analytical Chemistry,2,3(a)(iii),63%
2019,4,Acids and Bases,1B,3(b),60%
2019,15,Analytical Chemistry,2,3(b)(i),18%
2019,15,Analytical Chemistry,2,3(b)(ii),62%
2019,15,Analytical Chemistry,2,3(b)(iii),54%
2019,15,Analytical Chemistry,2,3(c)(i)_1,48%
2019,15,Analytical Chemistry,2,3(c)(i)_2,49%
2019,15,Analytical Chemistry,2,3(c)(ii),45%
2019,15,Analytical Chemistry,2,3(c)(iii)(1),59%
2019,15,Analytical Chemistry,2,3(c)(iii)(2),26%
2019,4,Acids and Bases,1B,4(a)(i),58%
2019,4,Acids and Bases,1B,4(a)(ii),81%
2019,4,Acids and Bases,1B,4(b),59%
2019,5,Fossil Fuels and Carbon Compounds,1B,5(a),65%
2019,5,Fossil Fuels and Carbon Compounds,1B,5(b),79%
2019,5,Fossil Fuels and Carbon Compounds,1B,5(c),72%
2019,11,Chemistry of Carbon Compounds,1B,5(d)(i),54%
2019,11,Chemistry of Carbon Compounds,1B,5(d)(ii),54%
2019,11,Chemistry of Carbon Compounds,1B,5(d)(iii),73%
2019,6,Microscopic World II,1B,6(a),86%
2019,6,Microscopic World II,1B,6(b)(i),48%
2019,6,Microscopic World II,1B,6(b)(ii),65%
2019,7,"Redox Reactions, Chemical Cells and Electrolysis",1B,7(a)(i),70%
2019,7,"Redox Reactions, Chemical Cells and Electrolysis",1B,7(a)(ii),19%
2019,7,"Redox Reactions, Chemical Cells and Electrolysis",1B,7(a)(iii),70%
2019,7,"Redox Reactions, Chemical Cells and Electrolysis",1B,7(b)(i),45%
2019,7,"Redox Reactions, Chemical Cells and Electrolysis",1B,7(b)(ii),61%
2019,7,"Redox Reactions, Chemical Cells and Electrolysis",1B,7(b)(iii),34%
2019,8,Chemical Reactions and Energy,1B,8(a),73%
2019,4,Acids and Bases,1B,8(b)(i),76%
2019,8,Chemical Reactions and Energy,1B,8(b)(ii),38%
2019,8,Chemical Reactions and Energy,1B,8(c),39%
2019,3,Metals,1B,9(a)(i),78%
2019,3,Metals,1B,9(a)(ii),55%
2019,3,Metals,1B,9(a)(iii),63%
2019,3,Metals,1B,9(b)(i),57%
2019,3,Metals,1B,9(b)(ii),66%
2019,3,Metals,1B,9(b)(iii),25%
2020,1,Planet Earth,1A,1,42%
2020,2,Microscopic World I,1A,2,68%
2020,3,Metals,1A,3,82%
2020,7,"Redox Reactions, Chemical Cells and Electrolysis",1A,4,65%
2020,7,"Redox Reactions, Chemical Cells and Electrolysis",1A,5,63%
2020,5,Fossil Fuels and Carbon Compounds,1A,6,71%
2020,3,Metals,1A,7,54%
2020,3,Metals,1A,8,93%
2020,5,Fossil Fuels and Carbon Compounds,1B,8,38%
2020,7,"Redox Reactions, Chemical Cells and Electrolysis",1A,9,79%
2020,8,Chemical Reactions and Energy,1A,10,71%
2020,4,Acids and Bases,1A,11,80%
2020,7,"Redox Reactions, Chemical Cells and Electrolysis",1A,12,74%
2020,12,Patterns in the Chemical World,1B,12,50%
2020,7,"Redox Reactions, Chemical Cells and Electrolysis",1A,13,82%
2020,9,Rate of Reaction,1B,13,45%
2020,1,Planet Earth,1A,14,74%
2020,3,Metals,1A,15,54%
2020,4,Acids and Bases,1A,16,87%
2020,4,Acids and Bases,1A,17,85%
2020,4,Acids and Bases,1A,18,59%
2020,7,"Redox Reactions, Chemical Cells and Electrolysis",1A,19,68%
2020,6,Microscopic World II,1A,20,59%
2020,8,Chemical Reactions and Energy,1A,21,50%
2020,6,Microscopic World II,1A,22,53%
2020,11,Chemistry of Carbon Compounds,1A,23,62%
2020,5,Fossil Fuels and Carbon Compounds,1A,24,63%
2020,9,Rate of Reaction,1A,25,85%
2020,10,Chemical Equilibrium,1A,26,65%
2020,11,Chemistry of Carbon Compounds,1A,27,79%
2020,12,Patterns in the Chemical World,1A,28,76%
2020,11,Chemistry of Carbon Compounds,1A,29,40%
2020,11,Chemistry of Carbon Compounds,1A,30,74%
2020,11,Chemistry of Carbon Compounds,1A,31,65%
2020,11,Chemistry of Carbon Compounds,1A,32,44%
2020,10,Chemical Equilibrium,1A,33,28%
2020,11,Chemistry of Carbon Compounds,1A,34,61%
2020,9,Rate of Reaction,1A,35,39%
2020,9,Rate of Reaction,1A,36,85%
2020,2,Microscopic World I,1B,1(a),81%
2020,13,Industrial Chemistry,2,1(a)(i),34%
2020,13,Industrial Chemistry,2,1(a)(ii),85%
2020,13,Industrial Chemistry,2,1(a)(iii),57%
2020,2,Microscopic World I,1B,1(b),65%
2020,13,Industrial Chemistry,2,1(b)(i)(1),28%
2020,13,Industrial Chemistry,2,1(b)(i)(2),64%
2020,13,Industrial Chemistry,2,1(b)(ii),51%
2020,13,Industrial Chemistry,2,1(b)(iii)(1),72%
2020,13,Industrial Chemistry,2,1(b)(iii)(2),44%
2020,13,Industrial Chemistry,2,1(c)(i),42%
2020,4,Acids and Bases,1B,1(c)(i),76%
2020,13,Industrial Chemistry,2,1(c)(ii),40%
2020,7,"Redox Reactions, Chemical Cells and Electrolysis",1B,1(c)(ii),51%
2020,13,Industrial Chemistry,2,1(c)(iii),44%
2020,2,Microscopic World I,1B,1(c)(iii),70%
2020,13,Industrial Chemistry,2,1(c)(iv),29%
2020,13,Industrial Chemistry,2,1(c)(v),56%
2020,11,Chemistry of Carbon Compounds,1B,10(a)(i),25%
2020,11,Chemistry of Carbon Compounds,1B,10(a)(ii),65%
2020,11,Chemistry of Carbon Compounds,1B,10(b)(i),43%
2020,11,Chemistry of Carbon Compounds,1B,10(b)(ii),41%
2020,11,Chemistry of Carbon Compounds,1B,10(c),47%
2020,11,Chemistry of Carbon Compounds,1B,11(a),73%
2020,11,Chemistry of Carbon Compounds,1B,11(b),69%
2020,11,Chemistry of Carbon Compounds,1B,11(c),17%
2020,11,Chemistry of Carbon Compounds,1B,11(d)(i),67%
2020,11,Chemistry of Carbon Compounds,1B,11(d)(ii),35%
2020,4,Acids and Bases,1B,2(a),58%
2020,4,Acids and Bases,1B,2(b)(i),42%
2020,4,Acids and Bases,1B,2(b)(ii),41%
2020,4,Acids and Bases,1B,2(c),43%
2020,15,Analytical Chemistry,2,3(a)(i),41%
2020,6,Microscopic World II,1B,3(a)(i),80%
2020,15,Analytical Chemistry,2,3(a)(ii),53%
2020,6,Microscopic World II,1B,3(a)(ii),83%
2020,15,Analytical Chemistry,2,3(a)(iii),74%
2020,15,Analytical Chemistry,2,3(b)(i),33%
2020,6,Microscopic World II,1B,3(b)(i),73%
2020,15,Analytical Chemistry,2,3(b)(ii),74%
2020,6,Microscopic World II,1B,3(b)(ii),22%
2020,15,Analytical Chemistry,2,3(b)(iii),71%
2020,2,Microscopic World I,1B,3(b)(iii),54%
2020,15,Analytical Chemistry,2,3(b)(iv)(1),39%
2020,15,Analytical Chemistry,2,3(b)(iv)(2),40%
2020,15,Analytical Chemistry,2,3(c)(i)(1),71%
2020,15,Analytical Chemistry,2,3(c)(i)(2),71%
2020,15,Analytical Chemistry,2,3(c)(i)(3),24%
2020,15,Analytical Chemistry,2,3(c)(ii),60%
2020,9,Rate of Reaction,1B,4(a),85%
2020,11,Chemistry of Carbon Compounds,1B,4(b),42%
2020,9,Rate of Reaction,1B,4(c),57%
2020,4,Acids and Bases,1B,4(d),63%
2020,4,Acids and Bases,1B,4(e),55%
2020,11,Chemistry of Carbon Compounds,1B,5(a),64%
2020,11,Chemistry of Carbon Compounds,1B,5(b)(i),63%
2020,8,Chemical Reactions and Energy,1B,5(b)(ii),29%
2020,8,Chemical Reactions and Energy,1B,5(b)(iii),42%
2020,2,Microscopic World I,1B,6(a),28%
2020,7,"Redox Reactions, Chemical Cells and Electrolysis",1B,6(b)(i),70%
2020,7,"Redox Reactions, Chemical Cells and Electrolysis",1B,6(b)(ii),67%
2020,7,"Redox Reactions, Chemical Cells and Electrolysis",1B,6(c),51%
2020,3,Metals,1B,6(d)(i),49%
2020,3,Metals,1B,6(d)(ii),56%
2020,4,Acids and Bases,1B,7(a),36%
2020,4,Acids and Bases,1B,7(b),9%
2020,8,Chemical Reactions and Energy,1B,7(c)(i),15%
2020,8,Chemical Reactions and Energy,1B,7(c)(ii),49%
2020,8,Chemical Reactions and Energy,1B,7(c)(iii),54%
2020,10,Chemical Equilibrium,1B,9(a),62%
2020,10,Chemical Equilibrium,1B,9(b),44%
2021,2,Microscopic World I,1A,1,60%
2021,7,"Redox Reactions, Chemical Cells and Electrolysis",1A,2,59%
2021,7,"Redox Reactions, Chemical Cells and Electrolysis",1A,3,86%
2021,3,Metals,1A,4,66%
2021,4,Acids and Bases,1A,5,75%
2021,4,Acids and Bases,1A,6,77%
2021,7,"Redox Reactions, Chemical Cells and Electrolysis",1A,7,78%
2021,5,Fossil Fuels and Carbon Compounds,1A,8,62%
2021,7,"Redox Reactions, Chemical Cells and Electrolysis",1B,8,41%
2021,5,Fossil Fuels and Carbon Compounds,1A,9,61%
2021,6,Microscopic World II,1A,10,68%
2021,5,Fossil Fuels and Carbon Compounds,1A,11,75%
2021,8,Chemical Reactions and Energy,1A,12,73%
2021,4,Acids and Bases,1A,13,66%
2021,12,Patterns in the Chemical World,1B,13,67%
2021,9,Rate of Reaction,1A,14,48%
2021,12,Patterns in the Chemical World,1B,14,39%
2021,8,Chemical Reactions and Energy,1A,15,45%
2021,4,Acids and Bases,1A,16,66%
2021,5,Fossil Fuels and Carbon Compounds,1A,17,83%
2021,3,Metals,1A,18,66%
2021,12,Patterns in the Chemical World,1A,19,55%
2021,11,Chemistry of Carbon Compounds,1A,20,43%
2021,2,Microscopic World I,1A,21,81%
2021,7,"Redox Reactions, Chemical Cells and Electrolysis",1A,22,53%
2021,7,"Redox Reactions, Chemical Cells and Electrolysis",1A,23,63%
2021,4,Acids and Bases,1A,24,64%
2021,9,Rate of Reaction,1A,25,86%
2021,9,Rate of Reaction,1A,26,63%
2021,7,"Redox Reactions, Chemical Cells and Electrolysis",1A,27,51%
2021,12,Patterns in the Chemical World,1A,28,75%
2021,11,Chemistry of Carbon Compounds,1A,29,65%
2021,6,Microscopic World II,1A,30,51%
2021,10,Chemical Equilibrium,1A,31,68%
2021,10,Chemical Equilibrium,1A,32,72%
2021,12,Patterns in the Chemical World,1A,33,58%
2021,11,Chemistry of Carbon Compounds,1A,34,37%
2021,11,Chemistry of Carbon Compounds,1A,35,63%
2021,11,Chemistry of Carbon Compounds,1A,36,50%
2021,2,Microscopic World I,1B,1(a),59%
2021,13,Industrial Chemistry,2,1(a)(i)(1),51%
2021,13,Industrial Chemistry,2,1(a)(i)(2),56%
2021,13,Industrial Chemistry,2,1(a)(ii),51%
2021,13,Industrial Chemistry,2,1(a)(iii),59%
2021,5,Fossil Fuels and Carbon Compounds,1B,1(b),59%
2021,13,Industrial Chemistry,2,1(b)(i),45%
2021,13,Industrial Chemistry,2,1(b)(ii),73%
2021,13,Industrial Chemistry,2,1(c)(i),68%
2021,2,Microscopic World I,1B,1(c)(i),95%
2021,13,Industrial Chemistry,2,1(c)(ii),67%
2021,7,"Redox Reactions, Chemical Cells and Electrolysis",1B,1(c)(ii),68%
2021,13,Industrial Chemistry,2,1(c)(iii),45%
2021,13,Industrial Chemistry,2,1(c)(iv),25%
2021,1,Planet Earth,1B,1(d),38%
2021,1,Planet Earth,1B,10(a)(i),48%
2021,9,Rate of Reaction,1B,10(a)(ii),64%
2021,3,Metals,1B,10(b)(i),59%
2021,9,Rate of Reaction,1B,10(b)(ii),84%
2021,11,Chemistry of Carbon Compounds,1B,11(a),22%
2021,11,Chemistry of Carbon Compounds,1B,11(b),63%
2021,11,Chemistry of Carbon Compounds,1B,11(c),80%
2021,11,Chemistry of Carbon Compounds,1B,11(d)(i),34%
2021,11,Chemistry of Carbon Compounds,1B,11(d)(ii),38%
2021,11,Chemistry of Carbon Compounds,1B,11(e),50%
2021,11,Chemistry of Carbon Compounds,1B,12(a)(i),72%
2021,11,Chemistry of Carbon Compounds,1B,12(a)(ii),62%
2021,11,Chemistry of Carbon Compounds,1B,12(b),53%
2021,7,"Redox Reactions, Chemical Cells and Electrolysis",1B,2(a),67%
2021,7,"Redox Reactions, Chemical Cells and Electrolysis",1B,2(b),65%
2021,7,"Redox Reactions, Chemical Cells and Electrolysis",1B,2(c),56%
2021,7,"Redox Reactions, Chemical Cells and Electrolysis",1B,2(d),64%
2021,7,"Redox Reactions, Chemical Cells and Electrolysis",1B,2(e),41%
2021,7,"Redox Reactions, Chemical Cells and Electrolysis",1B,2(f),59%
2021,7,"Redox Reactions, Chemical Cells and Electrolysis",1B,2(g),21%
2021,2,Microscopic World I,1B,3(a),58%
2021,15,Analytical Chemistry,2,3(a)(i),51%
2021,15,Analytical Chemistry,2,3(a)(ii),68%
2021,2,Microscopic World I,1B,3(b),62%
2021,15,Analytical Chemistry,2,3(b)(i),52%
2021,15,Analytical Chemistry,2,3(b)(ii),65%
2021,15,Analytical Chemistry,2,3(b)(iii),68%
2021,2,Microscopic World I,1B,3(c)(i),66%
2021,15,Analytical Chemistry,2,3(c)(i)(1),57%
2021,15,Analytical Chemistry,2,3(c)(i)(2),57%
2021,3,Metals,1B,3(c)(ii),56%
2021,15,Analytical Chemistry,2,3(c)(ii)(1),54%
2021,15,Analytical Chemistry,2,3(c)(ii)(2),32%
2021,15,Analytical Chemistry,2,3(c)(iii),44%
2021,2,Microscopic World I,1B,3(d),55%
2021,5,Fossil Fuels and Carbon Compounds,1B,4(a),68%
2021,5,Fossil Fuels and Carbon Compounds,1B,4(b),74%
2021,5,Fossil Fuels and Carbon Compounds,1B,4(c)(i),79%
2021,5,Fossil Fuels and Carbon Compounds,1B,4(c)(ii),55%
2021,11,Chemistry of Carbon Compounds,1B,4(d)(i),74%
2021,5,Fossil Fuels and Carbon Compounds,1B,4(d)(ii),67%
2021,8,Chemical Reactions and Energy,1B,5(a),29%
2021,8,Chemical Reactions and Energy,1B,5(b)(i),28%
2021,8,Chemical Reactions and Energy,1B,5(b)(ii),71%
2021,8,Chemical Reactions and Energy,1B,5(c),70%
2021,3,Metals,1B,6(a)(i),15%
2021,1,Planet Earth,1B,6(a)(ii),64%
2021,2,Microscopic World I,1B,6(b),67%
2021,7,"Redox Reactions, Chemical Cells and Electrolysis",1B,6(c),40%
2021,3,Metals,1B,6(d)(i),81%
2021,1,Planet Earth,1B,6(d)(ii)(1),53%
2021,1,Planet Earth,1B,6(d)(ii)(2),26%
2021,4,Acids and Bases,1B,7(a),40%
2021,4,Acids and Bases,1B,7(b),65%
2021,4,Acids and Bases,1B,7(c),24%
2021,4,Acids and Bases,1B,7(d),42%
2021,10,Chemical Equilibrium,1B,9(a),86%
2021,10,Chemical Equilibrium,1B,9(b)(i),67%
2021,10,Chemical Equilibrium,1B,9(b)(ii),45%
2021,10,Chemical Equilibrium,1B,9(b)(iii),51%
2022,2,Microscopic World I,1A,1,72%
2022,7,"Redox Reactions, Chemical Cells and Electrolysis",1A,2,78%
2022,3,Metals,1A,3,52%
2022,4,Acids and Bases,1A,4,82%
2022,2,Microscopic World I,1A,5,85%
2022,3,Metals,1A,6,54%
2022,7,"Redox Reactions, Chemical Cells and Electrolysis",1A,7,78%
2022,1,Planet Earth,1A,8,74%
2022,3,Metals,1A,9,66%
2022,11,Chemistry of Carbon Compounds,1B,9,28%
2022,4,Acids and Bases,1A,10,79%
2022,12,Patterns in the Chemical World,1A,11,89%
2022,8,Chemical Reactions and Energy,1A,12,71%
2022,11,Chemistry of Carbon Compounds,1A,13,67%
2022,4,Acids and Bases,1A,14,57%
2022,3,Metals,1A,15,62%
2022,7,"Redox Reactions, Chemical Cells and Electrolysis",1A,16,68%
2022,8,Chemical Reactions and Energy,1A,17,33%
2022,2,Microscopic World I,1A,18,63%
2022,6,Microscopic World II,1A,19,84%
2022,3,Metals,1A,20,53%
2022,5,Fossil Fuels and Carbon Compounds,1A,21,57%
2022,11,Chemistry of Carbon Compounds,1A,22,62%
2022,12,Patterns in the Chemical World,1A,23,61%
2022,6,Microscopic World II,1A,24,67%
2022,9,Rate of Reaction,1A,25,48%
2022,10,Chemical Equilibrium,1A,26,71%
2022,9,Rate of Reaction,1A,27,70%
2022,10,Chemical Equilibrium,1A,28,48%
2022,11,Chemistry of Carbon Compounds,1A,29,76%
2022,12,Patterns in the Chemical World,1A,30,81%
2022,10,Chemical Equilibrium,1A,31,54%
2022,11,Chemistry of Carbon Compounds,1A,32,71%
2022,11,Chemistry of Carbon Compounds,1A,33,66%
2022,11,Chemistry of Carbon Compounds,1A,34,30%
2022,9,Rate of Reaction,1A,35,76%
2022,11,Chemistry of Carbon Compounds,1A,36,43%
2022,2,Microscopic World I,1B,1(a)(i),89%
2022,2,Microscopic World I,1B,1(a)(ii),92%
2022,3,Metals,1B,1(b)(i),95%
2022,2,Microscopic World I,1B,1(b)(ii),73%
2022,10,Chemical Equilibrium,1B,10(a),35%
2022,10,Chemical Equilibrium,1B,10(b),30%
2022,9,Rate of Reaction,1B,10(c)(i),38%
2022,9,Rate of Reaction,1B,10(c)(ii),24%
2022,10,Chemical Equilibrium,1B,10(d),22%
2022,9,Rate of Reaction,1B,11(a),51%
2022,9,Rate of Reaction,1B,11(b),65%
2022,9,Rate of Reaction,1B,11(c)(i),53%
2022,9,Rate of Reaction,1B,11(c)(ii),51%
2022,11,Chemistry of Carbon Compounds,1B,12(a)(i),44%
2022,11,Chemistry of Carbon Compounds,1B,12(a)(ii),32%
2022,11,Chemistry of Carbon Compounds,1B,12(b),58%
2022,11,Chemistry of Carbon Compounds,1B,12(c),48%
2022,11,Chemistry of Carbon Compounds,1B,12(d),53%
2022,12,Patterns in the Chemical World,1B,13(a),51%
2022,12,Patterns in the Chemical World,1B,13(b)(i),38%
2022,12,Patterns in the Chemical World,1B,13(b)(ii),61%
2022,12,Patterns in the Chemical World,1B,13(c),39%
2022,3,Metals,1B,2(a),64%
2022,3,Metals,1B,2(b),57%
2022,3,Metals,1B,2(c),35%
2022,4,Acids and Bases,1B,3(a),57%
2022,15,Analytical Chemistry,2,3(a)(i),56%
2022,15,Analytical Chemistry,2,3(a)(ii),70%
2022,4,Acids and Bases,1B,3(b),48%
2022,15,Analytical Chemistry,2,3(b)(i),59%
2022,15,Analytical Chemistry,2,3(b)(ii)(1),51%
2022,15,Analytical Chemistry,2,3(b)(ii)(2),38%
2022,15,Analytical Chemistry,2,3(b)(ii)(3),55%
2022,4,Acids and Bases,1B,3(c),48%
2022,15,Analytical Chemistry,2,3(c)(i)(1),51%
2022,15,Analytical Chemistry,2,3(c)(i)(2),38%
2022,15,Analytical Chemistry,2,3(c)(ii),60%
2022,15,Analytical Chemistry,2,3(c)(iii),59%
2022,15,Analytical Chemistry,2,3(c)(iv),42%
2022,4,Acids and Bases,1B,3(d),31%
2022,7,"Redox Reactions, Chemical Cells and Electrolysis",1B,4(a),72%
2022,7,"Redox Reactions, Chemical Cells and Electrolysis",1B,4(b),65%
2022,7,"Redox Reactions, Chemical Cells and Electrolysis",1B,4(c),46%
2022,7,"Redox Reactions, Chemical Cells and Electrolysis",1B,4(d)(i),58%
2022,7,"Redox Reactions, Chemical Cells and Electrolysis",1B,4(d)(ii),32%
2022,6,Microscopic World II,1B,5(a),70%
2022,6,Microscopic World II,1B,5(b),79%
2022,6,Microscopic World II,1B,5(c),69%
2022,6,Microscopic World II,1B,5(d),35%
2022,5,Fossil Fuels and Carbon Compounds,1B,6(a),47%
2022,5,Fossil Fuels and Carbon Compounds,1B,6(b),53%
2022,5,Fossil Fuels and Carbon Compounds,1B,6(c),61%
2022,5,Fossil Fuels and Carbon Compounds,1B,6(d),53%
2022,11,Chemistry of Carbon Compounds,1B,6(e),48%
2022,8,Chemical Reactions and Energy,1B,7(a),36%
2022,8,Chemical Reactions and Energy,1B,7(b)(i),72%
2022,8,Chemical Reactions and Energy,1B,7(b)(ii),65%
2022,8,Chemical Reactions and Energy,1B,7(c),50%
2022,4,Acids and Bases,1B,8(a)(i),76%
2022,4,Acids and Bases,1B,8(a)(ii),76%
2022,4,Acids and Bases,1B,8(b)(i),77%
2022,4,Acids and Bases,1B,8(b)(ii),79%
2022,4,Acids and Bases,1B,8(c),66%
2023,1,Planet Earth,1A,1,72%
2023,2,Microscopic World I,1A,2,72%
2023,12,Patterns in the Chemical World,1A,3,76%
2023,7,"Redox Reactions, Chemical Cells and Electrolysis",1A,4,77%
2023,2,Microscopic World I,1A,5,83%
2023,4,Acids and Bases,1A,6,60%
2023,5,Fossil Fuels and Carbon Compounds,1A,7,55%
2023,11,Chemistry of Carbon Compounds,1A,8,42%
2023,5,Fossil Fuels and Carbon Compounds,1A,9,80%
2023,7,"Redox Reactions, Chemical Cells and Electrolysis",1A,10,75%
2023,3,Metals,1A,11,79%
2023,8,Chemical Reactions and Energy,1A,12,65%
2023,3,Metals,1A,13,59%
2023,4,Acids and Bases,1A,14,57%
2023,9,Rate of Reaction,1B,14,34%
2023,6,Microscopic World II,1A,15,53%
2023,6,Microscopic World II,1A,16,63%
2023,11,Chemistry of Carbon Compounds,1A,17,80%
2023,3,Metals,1A,18,72%
2023,7,"Redox Reactions, Chemical Cells and Electrolysis",1A,19,45%
2023,8,Chemical Reactions and Energy,1A,20,53%
2023,8,Chemical Reactions and Energy,1A,21,57%
2023,4,Acids and Bases,1A,22,66%
2023,11,Chemistry of Carbon Compounds,1A,23,57%
2023,7,"Redox Reactions, Chemical Cells and Electrolysis",1A,24,53%
2023,10,Chemical Equilibrium,1A,25,83%
2023,9,Rate of Reaction,1A,26,45%
2023,10,Chemical Equilibrium,1A,27,53%
2023,10,Chemical Equilibrium,1A,28,68%
2023,11,Chemistry of Carbon Compounds,1A,29,78%
2023,12,Patterns in the Chemical World,1A,30,83%
2023,12,Patterns in the Chemical World,1A,31,49%
2023,11,Chemistry of Carbon Compounds,1A,32,71%
2023,9,Rate of Reaction,1A,33,76%
2023,11,Chemistry of Carbon Compounds,1A,34,51%
2023,9,Rate of Reaction,1A,35,42%
2023,11,Chemistry of Carbon Compounds,1A,36,54%
2023,3,Metals,1B,1(a),88%
2023,3,Metals,1B,1(b),81%
2023,3,Metals,1B,1(c)(i),80%
2023,3,Metals,1B,1(c)(ii),60%
2023,11,Chemistry of Carbon Compounds,1B,10(a),78%
2023,11,Chemistry of Carbon Compounds,1B,10(b)(i),72%
2023,11,Chemistry of Carbon Compounds,1B,10(b)(ii),55%
2023,11,Chemistry of Carbon Compounds,1B,10(c)(i),40%
2023,11,Chemistry of Carbon Compounds,1B,10(c)(ii),30%
2023,11,Chemistry of Carbon Compounds,1B,11(a),51%
2023,11,Chemistry of Carbon Compounds,1B,11(b),57%
2023,11,Chemistry of Carbon Compounds,1B,11(c)(i),46%
2023,11,Chemistry of Carbon Compounds,1B,11(c)(ii),50%
2023,11,Chemistry of Carbon Compounds,1B,11(c)(iii),66%
2023,11,Chemistry of Carbon Compounds,1B,12(a)(i),70%
2023,11,Chemistry of Carbon Compounds,1B,12(a)(ii),59%
2023,11,Chemistry of Carbon Compounds,1B,12(b),67%
2023,11,Chemistry of Carbon Compounds,1B,12(c),48%
2023,12,Patterns in the Chemical World,1B,13(a),63%
2023,12,Patterns in the Chemical World,1B,13(b)(i),23%
2023,12,Patterns in the Chemical World,1B,13(b)(ii),36%
2023,4,Acids and Bases,1B,2(a),69%
2023,4,Acids and Bases,1B,2(b),30%
2023,4,Acids and Bases,1B,2(c)(i),62%
2023,4,Acids and Bases,1B,2(c)(ii),69%
2023,2,Microscopic World I,1B,3(a),68%
2023,15,Analytical Chemistry,2,3(a)(i),59%
2023,15,Analytical Chemistry,2,3(a)(ii),63%
2023,15,Analytical Chemistry,2,3(a)(iii),43%
2023,2,Microscopic World I,1B,3(b),67%
2023,15,Analytical Chemistry,2,3(b)(i),84%
2023,15,Analytical Chemistry,2,3(b)(ii)(1),49%
2023,15,Analytical Chemistry,2,3(b)(ii)(2),58%
2023,15,Analytical Chemistry,2,3(b)(ii)(3),55%
2023,15,Analytical Chemistry,2,3(b)(iii),80%
2023,2,Microscopic World I,1B,3(c),81%
2023,15,Analytical Chemistry,2,3(c)(i)(1),61%
2023,15,Analytical Chemistry,2,3(c)(i)(2),45%
2023,15,Analytical Chemistry,2,3(c)(ii),52%
2023,15,Analytical Chemistry,2,3(c)(iii),55%
2023,15,Analytical Chemistry,2,3(c)(iv),59%
2023,5,Fossil Fuels and Carbon Compounds,1B,4(a),85%
2023,5,Fossil Fuels and Carbon Compounds,1B,4(b),49%
2023,5,Fossil Fuels and Carbon Compounds,1B,4(c),71%
2023,5,Fossil Fuels and Carbon Compounds,1B,4(d),79%
2023,7,"Redox Reactions, Chemical Cells and Electrolysis",1B,5(a),74%
2023,7,"Redox Reactions, Chemical Cells and Electrolysis",1B,5(b)(i),63%
2023,7,"Redox Reactions, Chemical Cells and Electrolysis",1B,5(b)(ii),57%
2023,7,"Redox Reactions, Chemical Cells and Electrolysis",1B,5(c)(i),37%
2023,7,"Redox Reactions, Chemical Cells and Electrolysis",1B,5(c)(ii),32%
2023,6,Microscopic World II,1B,6(a),66%
2023,6,Microscopic World II,1B,6(b),49%
2023,6,Microscopic World II,1B,6(c),40%
2023,6,Microscopic World II,1B,6(d),53%
2023,8,Chemical Reactions and Energy,1B,7(a),54%
2023,11,Chemistry of Carbon Compounds,1B,7(a),70%
2023,8,Chemical Reactions and Energy,1B,7(b)(i),68%
2023,8,Chemical Reactions and Energy,1B,7(b)(ii),43%
2023,3,Metals,1B,8(a),72%
2023,3,Metals,1B,8(b),72%
2023,3,Metals,1B,8(c),69%
2023,3,Metals,1B,8(d),65%
2023,3,Metals,1B,8(e),86%
2023,10,Chemical Equilibrium,1B,9(a),53%
2023,10,Chemical Equilibrium,1B,9(b),42%
2023,9,Rate of Reaction,1B,9(c)(i),46%
2023,9,Rate of Reaction,1B,9(c)(ii),59%
2024,2,Microscopic World I,1A,1,79%
2024,1,Planet Earth,1A,2,83%
2024,3,Metals,1A,3,53%
2024,4,Acids and Bases,1A,4,53%
2024,4,Acids and Bases,1A,5,57%
2024,3,Metals,1A,6,67%
2024,5,Fossil Fuels and Carbon Compounds,1A,7,74%
2024,7,"Redox Reactions, Chemical Cells and Electrolysis",1A,8,71%
2024,5,Fossil Fuels and Carbon Compounds,1A,9,89%
2024,3,Metals,1B,9,56%
2024,4,Acids and Bases,1A,10,75%
2024,6,Microscopic World II,1A,11,77%
2024,7,"Redox Reactions, Chemical Cells and Electrolysis",1A,12,85%
2024,7,"Redox Reactions, Chemical Cells and Electrolysis",1A,13,74%
2024,8,Chemical Reactions and Energy,1A,14,82%
2024,10,Chemical Equilibrium,1B,14,53%
2024,8,Chemical Reactions and Energy,1A,15,64%
2024,2,Microscopic World I,1A,16,75%
2024,5,Fossil Fuels and Carbon Compounds,1A,17,77%
2024,7,"Redox Reactions, Chemical Cells and Electrolysis",1A,18,69%
2024,7,"Redox Reactions, Chemical Cells and Electrolysis",1A,19,66%
2024,4,Acids and Bases,1A,20,51%
2024,3,Metals,1A,21,81%
2024,2,Microscopic World I,1A,22,74%
2024,8,Chemical Reactions and Energy,1A,23,76%
2024,7,"Redox Reactions, Chemical Cells and Electrolysis",1A,24,53%
2024,9,Rate of Reaction,1A,25,57%
2024,9,Rate of Reaction,1A,26,87%
2024,9,Rate of Reaction,1A,27,79%
2024,11,Chemistry of Carbon Compounds,1A,28,58%
2024,9,Rate of Reaction,1A,29,68%
2024,10,Chemical Equilibrium,1A,30,49%
2024,12,Patterns in the Chemical World,1A,31,64%
2024,11,Chemistry of Carbon Compounds,1A,32,62%
2024,11,Chemistry of Carbon Compounds,1A,33,47%
2024,10,Chemical Equilibrium,1A,34,79%
2024,11,Chemistry of Carbon Compounds,1A,35,56%
2024,12,Patterns in the Chemical World,1A,36,81%
2024,2,Microscopic World I,1B,1(a)(i),86%
2024,13,Industrial Chemistry,2,1(a)(i)(1),65%
2024,13,Industrial Chemistry,2,1(a)(i)(2),65%
2024,2,Microscopic World I,1B,1(a)(ii),80%
2024,13,Industrial Chemistry,2,1(a)(ii)(1),52%
2024,13,Industrial Chemistry,2,1(a)(ii)(2),33%
2024,13,Industrial Chemistry,2,1(a)(iii),15%
2024,2,Microscopic World I,1B,1(b),51%
2024,13,Industrial Chemistry,2,1(b)(i),73%
2024,13,Industrial Chemistry,2,1(b)(ii),64%
2024,13,Industrial Chemistry,2,1(b)(iii),69%
2024,13,Industrial Chemistry,2,1(b)(iv),34%
2024,13,Industrial Chemistry,2,1(b)(v)(1),38%
2024,13,Industrial Chemistry,2,1(b)(v)(2),46%
2024,2,Microscopic World I,1B,1(c),60%
2024,13,Industrial Chemistry,2,1(c)(i),17%
2024,13,Industrial Chemistry,2,1(c)(ii)(1),60%
2024,13,Industrial Chemistry,2,1(c)(ii)(2),46%
2024,13,Industrial Chemistry,2,1(c)(iii)(1),86%
2024,13,Industrial Chemistry,2,1(c)(iii)(2),58%
2024,9,Rate of Reaction,1B,10(a),66%
2024,9,Rate of Reaction,1B,10(b),50%
2024,9,Rate of Reaction,1B,10(c),59%
2024,9,Rate of Reaction,1B,10(d),68%
2024,11,Chemistry of Carbon Compounds,1B,11(a),51%
2024,11,Chemistry of Carbon Compounds,1B,11(b),62%
2024,11,Chemistry of Carbon Compounds,1B,11(c),66%
2024,11,Chemistry of Carbon Compounds,1B,11(d),50%
2024,11,Chemistry of Carbon Compounds,1B,11(e),50%
2024,11,Chemistry of Carbon Compounds,1B,12(a),29%
2024,11,Chemistry of Carbon Compounds,1B,12(b),53%
2024,11,Chemistry of Carbon Compounds,1B,12(c)(i),62%
2024,11,Chemistry of Carbon Compounds,1B,12(c)(ii),40%
2024,12,Patterns in the Chemical World,1B,13(a),56%
2024,12,Patterns in the Chemical World,1B,13(b),43%
2024,3,Metals,1B,2(a),89%
2024,3,Metals,1B,2(b),72%
2024,3,Metals,1B,2(c),43%
2024,3,Metals,1B,2(d),59%
2024,7,"Redox Reactions, Chemical Cells and Electrolysis",1B,3(a),84%
2024,15,Analytical Chemistry,2,3(a)(i),51%
2024,15,Analytical Chemistry,2,3(a)(ii),52%
2024,15,Analytical Chemistry,2,3(a)(iii),42%
2024,7,"Redox Reactions, Chemical Cells and Electrolysis",1B,3(b),81%
2024,15,Analytical Chemistry,2,3(b)(i),44%
2024,15,Analytical Chemistry,2,3(b)(ii),34%
2024,15,Analytical Chemistry,2,3(b)(iii)(1),55%
2024,15,Analytical Chemistry,2,3(b)(iii)(2),55%
2024,15,Analytical Chemistry,2,3(b)(iii)(3),47%
2024,15,Analytical Chemistry,2,3(c)(i),59%
2024,7,"Redox Reactions, Chemical Cells and Electrolysis",1B,3(c)(i),42%
2024,15,Analytical Chemistry,2,3(c)(ii),53%
2024,7,"Redox Reactions, Chemical Cells and Electrolysis",1B,3(c)(ii),63%
2024,15,Analytical Chemistry,2,3(c)(iii)(1),64%
2024,15,Analytical Chemistry,2,3(c)(iii)(2),67%
2024,15,Analytical Chemistry,2,3(c)(iii)(3),56%
2024,15,Analytical Chemistry,2,3(c)(iii)(4),47%
2024,15,Analytical Chemistry,2,3(c)(iii)(5),61%
2024,7,"Redox Reactions, Chemical Cells and Electrolysis",1B,3(d)(i),71%
2024,7,"Redox Reactions, Chemical Cells and Electrolysis",1B,3(d)(ii),45%
2024,7,"Redox Reactions, Chemical Cells and Electrolysis",1B,3(d)(iii),64%
2024,3,Metals,1B,4(a)(i),84%
2024,3,Metals,1B,4(a)(ii),73%
2024,4,Acids and Bases,1B,4(b)(i),68%
2024,4,Acids and Bases,1B,4(b)(ii),60%
2024,4,Acids and Bases,1B,4(b)(iii),52%
2024,4,Acids and Bases,1B,4(c),44%
2024,5,Fossil Fuels and Carbon Compounds,1B,5(a),67%
2024,5,Fossil Fuels and Carbon Compounds,1B,5(b)(i),88%
2024,5,Fossil Fuels and Carbon Compounds,1B,5(b)(ii),57%
2024,5,Fossil Fuels and Carbon Compounds,1B,5(b)(iii),61%
2024,5,Fossil Fuels and Carbon Compounds,1B,5(b)(iv),26%
2024,4,Acids and Bases,1B,6(a)(i),63%
2024,4,Acids and Bases,1B,6(a)(ii),40%
2024,4,Acids and Bases,1B,6(b)(i),64%
2024,4,Acids and Bases,1B,6(b)(ii),53%
2024,4,Acids and Bases,1B,6(c),79%
2024,6,Microscopic World II,1B,7(a)(i),77%
2024,6,Microscopic World II,1B,7(a)(ii),47%
2024,6,Microscopic World II,1B,7(a)(iii),41%
2024,6,Microscopic World II,1B,7(b),52%
2024,8,Chemical Reactions and Energy,1B,8(a),68%
2024,8,Chemical Reactions and Energy,1B,8(b),49%
2024,8,Chemical Reactions and Energy,1B,8(c),40%
2025,2,Microscopic World I,1A,1,70%
2025,4,Acids and Bases,1A,2,91%
2025,1,Planet Earth,1A,3,80%
2025,3,Metals,1A,4,81%
2025,3,Metals,1A,5,55%
2025,4,Acids and Bases,1A,6,62%
2025,2,Microscopic World I,1A,7,73%
2025,7,"Redox Reactions, Chemical Cells and Electrolysis",1A,8,67%
2025,7,"Redox Reactions, Chemical Cells and Electrolysis",1A,9,74%
2025,5,Fossil Fuels and Carbon Compounds,1A,10,76%
2025,11,Chemistry of Carbon Compounds,1A,11,49%
2025,4,Acids and Bases,1A,12,67%
2025,11,Chemistry of Carbon Compounds,1A,13,65%
2025,2,Microscopic World I,1A,14,77%
2025,11,Chemistry of Carbon Compounds,1B,14,41%
2025,3,Metals,1A,15,80%
2025,8,Chemical Reactions and Energy,1A,16,63%
2025,8,Chemical Reactions and Energy,1A,17,51%
2025,3,Metals,1A,18,83%
2025,3,Metals,1A,19,35%
2025,4,Acids and Bases,1A,20,76%
2025,7,"Redox Reactions, Chemical Cells and Electrolysis",1A,21,35%
2025,5,Fossil Fuels and Carbon Compounds,1A,22,70%
2025,7,"Redox Reactions, Chemical Cells and Electrolysis",1A,23,60%
2025,12,Patterns in the Chemical World,1A,24,81%
2025,9,Rate of Reaction,1A,25,52%
2025,10,Chemical Equilibrium,1A,26,76%
2025,10,Chemical Equilibrium,1A,27,72%
2025,11,Chemistry of Carbon Compounds,1A,28,66%
2025,10,Chemical Equilibrium,1A,29,52%
2025,11,Chemistry of Carbon Compounds,1A,30,63%
2025,12,Patterns in the Chemical World,1A,31,76%
2025,12,Patterns in the Chemical World,1A,32,48%
2025,11,Chemistry of Carbon Compounds,1A,33,45%
2025,9,Rate of Reaction,1A,34,69%
2025,11,Chemistry of Carbon Compounds,1A,35,27%
2025,10,Chemical Equilibrium,1A,36,58%
2025,3,Metals,1B,1(a),41%
2025,13,Industrial Chemistry,2,1(a)(i),43%
2025,13,Industrial Chemistry,2,1(a)(ii),67%
2025,13,Industrial Chemistry,2,1(a)(iii),54%
2025,2,Microscopic World I,1B,1(b),77%
2025,13,Industrial Chemistry,2,1(b)(i),47%
2025,13,Industrial Chemistry,2,1(b)(ii),42%
2025,13,Industrial Chemistry,2,1(b)(iii),74%
2025,13,Industrial Chemistry,2,1(b)(iv)(1),57%
2025,13,Industrial Chemistry,2,1(b)(iv)(2),47%
2025,13,Industrial Chemistry,2,1(b)(v),50%
2025,3,Metals,1B,1(c),77%
2025,13,Industrial Chemistry,2,1(c)(i),43%
2025,13,Industrial Chemistry,2,1(c)(ii),67%
2025,13,Industrial Chemistry,2,1(c)(iii),65%
2025,13,Industrial Chemistry,2,1(c)(iv)(1),32%
2025,13,Industrial Chemistry,2,1(c)(iv)(2),56%
2025,3,Metals,1B,1(d),66%
2025,3,Metals,1B,10(a),53%
2025,3,Metals,1B,10(b),60%
2025,9,Rate of Reaction,1B,10(c),64%
2025,10,Chemical Equilibrium,1B,11(a)(i),22%
2025,10,Chemical Equilibrium,1B,11(a)(ii),46%
2025,10,Chemical Equilibrium,1B,11(b),43%
2025,10,Chemical Equilibrium,1B,11(c),50%
2025,11,Chemistry of Carbon Compounds,1B,12(a)(i),31%
2025,11,Chemistry of Carbon Compounds,1B,12(a)(ii),52%
2025,11,Chemistry of Carbon Compounds,1B,12(b),72%
2025,11,Chemistry of Carbon Compounds,1B,12(c),59%
2025,11,Chemistry of Carbon Compounds,1B,12(d)(i),70%
2025,11,Chemistry of Carbon Compounds,1B,12(d)(ii),20%
2025,11,Chemistry of Carbon Compounds,1B,12(e)(i),73%
2025,11,Chemistry of Carbon Compounds,1B,12(e)(ii),79%
2025,12,Patterns in the Chemical World,1B,13(a),53%
2025,3,Metals,1B,13(b)(i),63%
2025,12,Patterns in the Chemical World,1B,13(b)(ii),33%
2025,1,Planet Earth,1B,2(a),78%
2025,1,Planet Earth,1B,2(b),50%
2025,1,Planet Earth,1B,2(c),30%
2025,15,Analytical Chemistry,2,3(a)(i),41%
2025,3,Metals,1B,3(a)(i),90%
2025,15,Analytical Chemistry,2,3(a)(ii),42%
2025,3,Metals,1B,3(a)(ii),57%
2025,15,Analytical Chemistry,2,3(a)(iii)(1),79%
2025,15,Analytical Chemistry,2,3(a)(iii)(2),42%
2025,15,Analytical Chemistry,2,3(b)(i),57%
2025,3,Metals,1B,3(b)(i),45%
2025,15,Analytical Chemistry,2,3(b)(ii),43%
2025,2,Microscopic World I,1B,3(b)(ii),38%
2025,15,Analytical Chemistry,2,3(b)(iii),54%
2025,15,Analytical Chemistry,2,3(b)(iv),20%
2025,15,Analytical Chemistry,2,3(c)(i),75%
2025,15,Analytical Chemistry,2,3(c)(ii),54%
2025,15,Analytical Chemistry,2,3(c)(iii),18%
2025,5,Fossil Fuels and Carbon Compounds,1B,4(a),84%
2025,5,Fossil Fuels and Carbon Compounds,1B,4(b)(i),66%
2025,5,Fossil Fuels and Carbon Compounds,1B,4(b)(ii),72%
2025,5,Fossil Fuels and Carbon Compounds,1B,4(c),69%
2025,4,Acids and Bases,1B,5(a),66%
2025,4,Acids and Bases,1B,5(b)(i),84%
2025,4,Acids and Bases,1B,5(b)(ii),61%
2025,4,Acids and Bases,1B,5(b)(iii),19%
2025,7,"Redox Reactions, Chemical Cells and Electrolysis",1B,6(a),77%
2025,7,"Redox Reactions, Chemical Cells and Electrolysis",1B,6(b),35%
2025,7,"Redox Reactions, Chemical Cells and Electrolysis",1B,6(c),65%
2025,7,"Redox Reactions, Chemical Cells and Electrolysis",1B,6(d),43%
2025,6,Microscopic World II,1B,7(a)(i)(1),89%
2025,6,Microscopic World II,1B,7(a)(i)(2),80%
2025,6,Microscopic World II,1B,7(a)(ii),64%
2025,6,Microscopic World II,1B,7(b),58%
2025,8,Chemical Reactions and Energy,1B,8(a)(i),26%
2025,8,Chemical Reactions and Energy,1B,8(a)(ii),36%
2025,8,Chemical Reactions and Energy,1B,8(a)(iii)(1),45%
2025,8,Chemical Reactions and Energy,1B,8(a)(iii)(2),49%
2025,8,Chemical Reactions and Energy,1B,8(b)(i),27%
2025,8,Chemical Reactions and Energy,1B,8(b)(ii),41%
2025,7,"Redox Reactions, Chemical Cells and Electrolysis",1B,9(a),34%
